ID,IsSinkhole
0,0.423332389
1,0.592695668
2,0.542170583
3,0.679788358
4,0.311058435
5,0.039594599
6,0.760148463
7,0.043542025
8,0.141159303
9,0.060907946
10,0.910095705
11,0.928115763
12,0.825843584
13,0.509181595
14,0.193735297
15,0.81031776
16,0.899239111
17,0.379042344
18,0.014858687
19,0.767025089
20,0.378229451
21,0.40788283
22,0.025427755
23,0.588031914
24,0.464419976
25,0.551164997
26,0.10818018
27,0.278138757
28,0.19392182
29,0.466128811
30,0.613921517
31,0.432608649
32,0.832592528
33,0.334399708
34,0.521216067
35,0.922357361
36,0.215940822
37,0.907425856
38,0.308589702
39,0.979093438
40,0.802749857
41,0.335220858
42,0.851540681
43,0.009124369
44,0.215093721
45,0.809218392
46,0.956952536
47,0.394002036
48,0.667148852
49,0.4107942
50,0.99037064
51,0.080406543
52,0.143275955
53,0.233711866
54,0.998592039
55,0.80801947
56,0.555984135
57,0.665447388
58,0.933115123
59,0.892213926
60,0.320847285
61,0.231731484
62,0.987323115
63,0.162712493
64,0.90462975
65,0.774372389
66,0.368436292
67,0.553897389
68,0.442680791
69,0.096620198
70,0.130637891
71,0.926699398
72,0.430996484
73,0.408930083
74,0.556048139
75,0.086438687
76,0.142312071
77,0.346660512
78,0.784081007
79,0.774420355
80,0.767630774
81,0.545055866
82,0.238990033
83,0.421895822
84,0.402995159
85,0.855633645
86,0.329263345
87,0.86736403
88,0.235774543
89,0.706651232
90,0.170789012
91,0.043222664
92,0.709206457
93,0.70355076
94,0.735267392
95,0.308238235
96,0.981344106
97,0.598150747
98,0.010160184
99,0.176301954
100,0.217534367
101,0.658260705
102,0.575920541
103,0.401769071
104,0.378883674
105,0.139729252
106,0.187260552
107,0.601949278
108,0.195404166
109,0.578582606
110,0.888179094
111,0.494983507
112,0.60378037
113,0.442539737
114,0.96285615
115,0.020155104
116,0.795757286
117,0.440003364
118,0.981389596
119,0.532021525
120,0.009770796
121,0.498935453
122,0.970282967
123,0.973855132
124,0.411437671
125,0.621397836
126,0.949185457
127,0.819507029
128,0.541997833
129,0.93878417
130,0.155323984
131,0.869922484
132,0.4352288
133,0.083182705
134,0.098392472
135,0.265867252
136,0.731011332
137,0.031551104
138,0.305276839
139,0.359579503
140,0.339050584
141,0.815499247
142,0.010673093
143,0.917731013
144,0.620481243
145,0.962268771
146,0.506074671
147,0.65309437
148,0.475669828
149,0.244145461
150,0.641633063
151,0.268987345
152,0.589726617
153,0.463007335
154,0.326184347
155,0.736121388
156,0.239929841
157,0.443273265
158,0.885113319
159,0.219216052
160,0.851857874
161,0.227003121
162,0.166212554
163,0.130532217
164,0.483563882
165,0.252028884
166,0.764950005
167,0.315731279
168,0.278228424
169,0.710883564
170,0.515708204
171,0.735677652
172,0.582604356
173,0.279795929
174,0.640223805
175,0.928184399
176,0.70535822
177,0.250147968
178,0.315096408
179,0.088353388
180,0.624308764
181,0.872179597
182,0.580809332
183,0.989332707
184,0.970480186
185,0.837641148
186,0.045349655
187,0.782013441
188,0.145277047
189,0.586603445
190,0.163881054
191,0.340979255
192,0.749513016
193,0.467383135
194,0.352972484
195,0.043568786
196,0.008238142
197,0.456533837
198,0.871952134
199,0.245135111
200,0.185999888
201,0.500126022
202,0.074371221
203,0.654074808
204,0.28609404
205,0.294906161
206,0.649395459
207,0.361480778
208,0.212485938
209,0.666947727
210,0.340458022
211,0.460047035
212,0.083340018
213,0.907265512
214,0.727209963
215,0.08202241
216,0.025245491
217,0.780358116
218,0.887796672
219,0.777135846
220,0.693768767
221,0.48404153
222,0.97913667
223,0.741703073
224,0.073906163
225,0.709312356
226,0.702554393
227,0.827869978
228,0.418773892
229,0.194269827
230,0.825464733
231,0.140905807
232,0.878295082
233,0.22109584
234,0.216612624
235,0.30557584
236,0.662341564
237,0.577396566
238,0.72339977
239,0.042449098
240,0.388991172
241,0.630161418
242,0.861124197
243,0.702932442
244,0.214685942
245,0.075814328
246,0.007211168
247,0.995833577
248,0.205740965
249,0.995795924
250,0.179543971
251,0.212062561
252,0.808632834
253,0.498157769
254,0.54558211
255,0.526680829
256,0.315805845
257,0.70825873
258,0.219097106
259,0.529985909
260,0.870498393
261,0.018673937
262,0.702090776
263,0.887226303
264,0.737313921
265,0.900065411
266,0.943660925
267,0.288206645
268,0.119845169
269,0.35614488
270,0.81746519
271,0.60316224
272,0.014489234
273,0.275993483
274,0.901678739
275,0.142420539
276,0.801552051
277,0.12355604
278,0.179116942
279,0.815619965
280,0.478521339
281,0.883057298
282,0.156826996
283,0.682086861
284,0.002887375
285,0.091278528
286,0.797584896
287,0.701989719
288,0.347729679
289,0.877913742
290,0.220534663
291,0.799961882
292,0.134073152
293,0.260058454
294,0.799626548
295,0.281633709
296,0.264636501
297,0.140731863
298,0.70554696
299,0.18720062
300,0.827312961
301,0.089108564
302,0.042304489
303,0.4525165
304,0.017674141
305,0.654374935
306,0.712087115
307,0.019505338
308,0.816955564
309,0.40293078
310,0.701678937
311,0.691209641
312,0.348923819
313,0.015722155
314,0.724838575
315,0.007954416
316,0.783975118
317,0.92621619
318,0.233149321
319,0.994313738
320,0.922076558
321,0.203841118
322,0.847804864
323,0.649285114
324,0.330730412
325,0.637480942
326,0.596298516
327,0.949047561
328,0.343855606
329,0.026950167
330,0.926113816
331,0.928863669
332,0.096906155
333,0.882442759
334,0.610995174
335,0.228372863
336,0.32554499
337,0.930906025
338,0.916956503
339,0.895844806
340,0.801873303
341,0.181532482
342,0.601065735
343,0.596754219
344,0.058305568
345,0.772649975
346,0.736885199
347,0.655787875
348,0.938951372
349,0.059803268
350,0.410059278
351,0.296057425
352,0.191808269
353,0.866258731
354,0.75458166
355,0.968833511
356,0.345255792
357,0.945535787
358,0.528853891
359,0.460054837
360,0.606460466
361,0.445805196
362,0.680043579
363,0.144757658
364,0.954227966
365,0.238543903
366,0.717644838
367,0.668869864
368,0.981205861
369,0.516131781
370,0.586776511
371,0.82826528
372,0.388452701
373,0.955792029
374,0.220262966
375,0.79720151
376,0.709621714
377,0.460473983
378,0.519591331
379,0.887505428
380,0.841951535
381,0.274980866
382,0.715568895
383,0.370074771
384,0.945171851
385,0.133134625
386,0.866862066
387,0.669895513
388,0.936782477
389,0.195736704
390,0.34895966
391,0.655747926
392,0.613289345
393,0.857198846
394,0.026715899
395,0.595664996
396,0.561129812
397,0.425977613
398,0.107351132
399,0.538208302
400,0.013771548
401,0.919988436
402,0.396600601
403,0.2999919
404,0.93568383
405,0.552862904
406,0.008499645
407,0.658670361
408,0.837708226
409,0.911131831
410,0.070756685
411,0.627358984
412,0.173935755
413,0.693616684
414,0.949175808
415,0.813961571
416,0.609428129
417,0.589968409
418,0.07092676
419,0.471022266
420,0.498878489
421,0.034614934
422,0.941571546
423,0.261001587
424,0.956591796
425,0.796140729
426,0.171434821
427,0.706939606
428,0.404756957
429,0.184438443
430,0.959497193
431,0.942344763
432,0.781771599
433,0.787254
434,0.233545945
435,0.560021868
436,0.743012833
437,0.262304481
438,0.716335777
439,0.714640512
440,0.006298375
441,0.101397399
442,0.605584518
443,0.314075862
444,0.498588531
445,0.585776053
446,0.714853831
447,0.358788208
448,0.404763807
449,0.201940099
450,0.233141408
451,0.522920568
452,0.181517436
453,0.70178061
454,0.207799177
455,0.633443368
456,0.283801907
457,0.852531292
458,0.290382131
459,0.62792608
460,0.933368953
461,0.529870734
462,0.455181532
463,0.496270717
464,0.811989924
465,0.412800902
466,0.496980907
467,0.458696506
468,0.191807649
469,0.922953878
470,0.634403626
471,0.721860231
472,0.750411498
473,0.50479934
474,0.565446965
475,0.865640993
476,0.206167876
477,0.783901373
478,0.789571115
479,0.095539831
480,0.231689235
481,0.270549104
482,0.544809135
483,0.375643606
484,0.299782636
485,0.712687201
486,0.212052941
487,0.175829984
488,0.475607219
489,0.106716904
490,0.980470502
491,0.499037792
492,0.332704362
493,0.456819323
494,0.990110971
495,0.05112382
496,0.009419261
497,0.27617635
498,0.463856021
499,0.866943847
500,0.351486551
501,0.622903899
502,0.180401567
503,0.397639076
504,0.925941631
505,0.080276402
506,0.365127029
507,0.481164697
508,0.769160119
509,0.436536505
510,0.76056802
511,0.874744332
512,0.060463687
513,0.38689242
514,0.84499303
515,0.214974011
516,0.685220781
517,0.299401228
518,0.066825233
519,0.594648138
520,0.384821241
521,0.807156695
522,0.52359448
523,0.734473795
524,0.037708881
525,0.924626758
526,0.063706869
527,0.112695739
528,0.309880483
529,0.022461863
530,0.238106602
531,0.669723434
532,0.253595343
533,0.378217803
534,0.907747772
535,0.845208144
536,0.943234157
537,0.561340299
538,0.419328681
539,0.419153002
540,0.550719428
541,0.872678771
542,0.076626101
543,0.783156649
544,0.046860658
545,0.078751029
546,0.561093361
547,0.177317268
548,0.49371183
549,0.475301851
550,0.678010258
551,0.713950776
552,0.496748631
553,0.239429539
554,0.51388139
555,0.784457628
556,0.783196132
557,0.432799602
558,0.898963241
559,0.390792246
560,0.058616864
561,0.263036342
562,0.521289434
563,0.40460293
564,0.442149203
565,0.994249829
566,0.327039629
567,0.600245737
568,0.624034905
569,0.847781505
570,0.314715312
571,0.099280045
572,0.950928282
573,0.847718248
574,0.611759357
575,0.6633222
576,0.702922159
577,0.206821509
578,0.435890467
579,0.713903267
580,0.259808862
581,0.668994881
582,0.692806011
583,0.752805609
584,0.403960083
585,0.045063671
586,0.279654136
587,0.860291733
588,0.034009178
589,0.808038368
590,0.288442851
591,0.504736646
592,0.660713841
593,0.647538773
594,0.389224975
595,0.818098031
596,0.724301912
597,0.767854201
598,0.81100577
599,0.327379233
600,0.632123836
601,0.481863574
602,0.124945097
603,0.969142844
604,0.189617867
605,0.875174658
606,0.489478364
607,0.072220657
608,0.330093972
609,0.992631321
610,0.891956895
611,0.787970729
612,0.472875006
613,0.214926701
614,0.452684886
615,0.935602056
616,0.398826715
617,0.034607753
618,0.44599357
619,0.545128194
620,0.04486044
621,0.224117595
622,0.09718136
623,0.033861906
624,0.14522761
625,0.156063239
626,0.239309912
627,0.940406231
628,0.004868209
629,0.94749577
630,0.091700998
631,0.738834934
632,0.088404818
633,0.03646047
634,0.977772288
635,0.945394346
636,0.947703464
637,0.305272247
638,0.27192853
639,0.71437516
640,0.34004459
641,0.806328065
642,0.377760157
643,0.979769558
644,0.079973279
645,0.469035509
646,0.869991094
647,0.161930382
648,0.845601492
649,0.434599223
650,0.908909786
651,0.236640647
652,0.628450345
653,0.094564035
654,0.647423598
655,0.144579838
656,0.061044478
657,0.123674792
658,0.108870572
659,0.026388769
660,0.28963385
661,0.188226231
662,0.678303511
663,0.542074696
664,0.218324084
665,0.317272613
666,0.229338045
667,0.021980113
668,0.835323351
669,0.799441546
670,0.587464377
671,0.805355384
672,0.408291405
673,0.825461896
674,0.998569096
675,0.681896423
676,0.136440247
677,0.620414014
678,0.530996141
679,0.112409505
680,0.12169169
681,0.172009313
682,0.728303907
683,0.228430596
684,0.895541929
685,0.40386086
686,0.350979316
687,0.402804839
688,0.50796681
689,0.121792415
690,0.013471568
691,0.445384289
692,0.957516632
693,0.90675641
694,0.431417391
695,0.39049116
696,0.454379165
697,0.498999156
698,0.103007284
699,0.753881772
700,0.522717298
701,0.064128405
702,0.11615796
703,0.764112562
704,0.974209492
705,0.319221206
706,0.559584629
707,0.642086073
708,0.842560933
709,0.687048987
710,0.817378453
711,0.061374545
712,0.756839767
713,0.08856357
714,0.104626623
715,0.733839187
716,0.842257911
717,0.851051515
718,0.526004516
719,0.964916233
720,0.611940709
721,0.586825892
722,0.465191855
723,0.523069137
724,0.650812724
725,0.547503431
726,0.386137011
727,0.96911018
728,0.338630731
729,0.818874057
730,0.017449293
731,0.500597074
732,0.776419603
733,0.150318016
734,0.573727581
735,0.269935991
736,0.069793592
737,0.491172057
738,0.10015783
739,0.356502513
740,0.268430547
741,0.625723314
742,0.46391592
743,0.133682727
744,0.286010277
745,0.840924572
746,0.172657491
747,0.569646957
748,0.243395408
749,0.95163123
750,0.592510398
751,0.208794895
752,0.006965622
753,0.929713726
754,0.906153125
755,0.114860156
756,0.97587194
757,0.674750008
758,0.692526682
759,0.742630979
760,0.097281281
761,0.146430478
762,0.888486036
763,0.187040096
764,0.08091337
765,0.409342588
766,0.130879548
767,0.188775164
768,0.300917219
769,0.272219337
770,0.754881625
771,0.11928621
772,0.715292822
773,0.560120148
774,0.767256277
775,0.537295934
776,0.626590534
777,0.320619649
778,0.524841115
779,0.84727531
780,0.107175599
781,0.201758967
782,0.873874255
783,0.971403306
784,0.082420287
785,0.42368115
786,0.514995394
787,0.379564556
788,0.248509735
789,0.080073761
790,0.754310279
791,0.909566325
792,0.091414444
793,0.95919618
794,0.392716058
795,0.768516755
796,0.062032224
797,0.031919928
798,0.217509429
799,0.074070268
800,0.968760338
801,0.379355944
802,0.37669631
803,0.749181914
804,0.521923251
805,0.674752127
806,0.1202607
807,0.840889148
808,0.181851211
809,0.124785527
810,0.253095034
811,0.107100117
812,0.786140202
813,0.766405382
814,0.385643053
815,0.677672754
816,0.767063332
817,0.871827056
818,0.172788558
819,0.548517441
820,0.576314183
821,0.871947791
822,0.249798123
823,0.124520682
824,0.622096049
825,0.354713559
826,0.55848714
827,0.812241641
828,0.060963808
829,0.880816992
830,0.350237862
831,0.779410967
832,0.757250175
833,0.146336325
834,0.972795177
835,0.018601042
836,0.245878575
837,0.621759186
838,0.556801053
839,0.287962176
840,0.659169502
841,0.359048824
842,0.019569025
843,0.820113101
844,0.68304932
845,0.100405382
846,0.731285756
847,0.627253644
848,0.110883966
849,0.843456516
850,0.418451869
851,0.054839103
852,0.584748177
853,0.700512385
854,0.488495684
855,0.296857465
856,0.476111933
857,0.605140807
858,0.301262505
859,0.827274863
860,0.315059734
861,0.832506693
862,0.364792319
863,0.219971743
864,0.978652464
865,0.657109724
866,0.158577899
867,0.028725215
868,0.444560287
869,0.560035163
870,0.075724769
871,0.44813753
872,0.678442739
873,0.664061043
874,0.619250361
875,0.667900546
876,0.283032676
877,0.832901611
878,0.637289737
879,0.748933086
880,0.562015216
881,0.282797484
882,0.7706923
883,0.725703601
884,0.40351077
885,0.866184043
886,0.811315355
887,0.909364328
888,0.635567136
889,0.053858127
890,0.236774026
891,0.181726481
892,0.710492221
893,0.131783674
894,0.088686063
895,0.055102204
896,0.067555052
897,0.041016264
898,0.366479367
899,0.523184657
900,0.149822322
901,0.366861096
902,0.688774242
903,0.934648651
904,0.172510093
905,0.546274732
906,0.12471833
907,0.231351615
908,0.440973358
909,0.266719619
910,0.78387413
911,0.614760388
912,0.517108137
913,0.530370011
914,0.465842002
915,0.178576292
916,0.510775775
917,0.971748043
918,0.769877635
919,0.787241929
920,0.906474003
921,0.405743846
922,0.694425606
923,0.407348065
924,0.50019607
925,0.78207523
926,0.809117987
927,0.740341157
928,0.04825223
929,0.111855927
930,0.655569726
931,0.304098179
932,0.412543121
933,0.173263561
934,0.173013495
935,0.385421014
936,0.145135017
937,0.708882467
938,0.777611322
939,0.058839724
940,0.067827971
941,0.861795577
942,0.069277589
943,0.3796776
944,0.125575936
945,0.613202394
946,0.150376088
947,0.394685308
948,0.760862092
949,0.822119179
950,0.70478451
951,0.708525448
952,0.629073625
953,0.087604639
954,0.732955453
955,0.838536497
956,0.507551244
957,0.346509829
958,0.184180573
959,0.493243074
960,0.454405417
961,0.144520002
962,0.94715901
963,0.469975141
964,0.265026959
965,0.741751974
966,0.781122956
967,0.554381082
968,0.111970569
969,0.795915421
970,0.846813302
971,0.144670168
972,0.658255192
973,0.75587766
974,0.003343703
975,0.815613267
976,0.747829943
977,0.024554955
978,0.719140575
979,0.647253886
980,0.349002531
981,0.067435249
982,0.906711139
983,0.029693322
984,0.064049743
985,0.467709579
986,0.799380921
987,0.429310023
988,0.184442141
989,0.713716134
990,0.089907294
991,0.692066779
992,0.722017183
993,0.538852149
994,0.911524877
995,0.337509178
996,0.830659479
997,0.497481911
998,0.715899225
999,0.767928762
1000,0.299290914
1001,0.141249881
1002,0.963083715
1003,0.114456463
1004,0.60369513
1005,0.279172681
1006,0.182108711
1007,0.982570929
1008,0.808766452
1009,0.239984069
1010,0.440659012
1011,0.20786728
1012,0.911245337
1013,0.273231648
1014,0.604657463
1015,0.234620417
1016,0.378248129
1017,0.863691656
1018,0.304035873
1019,0.618684197
1020,0.562921526
1021,0.663609327
1022,0.386147623
1023,0.297772521
1024,0.295880506
1025,0.379197521
1026,0.631174712
1027,0.799554233
1028,0.271817681
1029,0.74641946
1030,0.379338237
1031,0.57208784
1032,0.506455282
1033,0.753624212
1034,0.644624403
1035,0.198919101
1036,0.639243441
1037,0.697345063
1038,0.652240548
1039,0.958564027
1040,0.969206362
1041,0.462028671
1042,0.263023822
1043,0.388762666
1044,0.836131416
1045,0.094015697
1046,0.663518513
1047,0.242191666
1048,0.465202946
1049,0.925450961
1050,0.100191629
1051,0.669291337
1052,0.881775589
1053,0.587053667
1054,0.274165646
1055,0.357614363
1056,0.473737756
1057,0.083673557
1058,0.80875248
1059,0.384141343
1060,0.43171436
1061,0.946248304
1062,0.552216524
1063,0.629317415
1064,0.366548184
1065,0.146562863
1066,0.517560091
1067,0.856140663
1068,0.039500006
1069,0.276798049
1070,0.663544626
1071,0.041479502
1072,0.575446985
1073,0.507123331
1074,0.157931533
1075,0.129227914
1076,0.626072693
1077,0.167558513
1078,0.489887628
1079,0.535145923
1080,0.379312369
1081,0.406893999
1082,0.584204351
1083,0.286007225
1084,0.510101165
1085,0.520556456
1086,0.578880709
1087,0.812474381
1088,0.288595522
1089,0.733370779
1090,0.178285433
1091,0.524798659
1092,0.641920671
1093,0.385069785
1094,0.563493297
1095,0.583157105
1096,0.386079237
1097,0.876782967
1098,0.723043887
1099,0.129238571
1100,0.670624858
1101,0.536214449
1102,0.28090339
1103,0.286831724
1104,0.341915526
1105,0.440303431
1106,0.478121012
1107,0.731462839
1108,0.949559025
1109,0.338473539
1110,0.336712564
1111,0.592106183
1112,0.893900567
1113,0.001247703
1114,0.95745036
1115,0.671232953
1116,0.230027479
1117,0.641824754
1118,0.160341003
1119,0.609463295
1120,0.433106935
1121,0.225313724
1122,0.921134336
1123,0.153681188
1124,0.623660227
1125,0.663811857
1126,0.860121061
1127,0.321994551
1128,0.760837617
1129,0.219328745
1130,0.913455931
1131,0.762751415
1132,0.937055193
1133,0.580264371
1134,0.996176812
1135,0.066961419
1136,0.549133492
1137,0.240530068
1138,0.046749925
1139,0.862948144
1140,0.046565656
1141,0.374951901
1142,0.976499124
1143,0.639632392
1144,0.199124738
1145,0.873875767
1146,0.014309949
1147,0.154666385
1148,0.262721344
1149,0.368058866
1150,0.281942837
1151,0.755013508
1152,0.339227318
1153,0.390626458
1154,0.831487961
1155,0.040171092
1156,0.03766224
1157,0.674234668
1158,0.998812236
1159,0.844809793
1160,0.061844061
1161,0.419247701
1162,0.322649133
1163,0.996438309
1164,0.342969875
1165,0.268318601
1166,0.654786908
1167,0.479495203
1168,0.115147411
1169,0.41002556
1170,0.371176155
1171,0.679081854
1172,0.109957285
1173,0.533052218
1174,0.967666511
1175,0.337523031
1176,0.365859577
1177,0.102488724
1178,0.436075499
1179,0.561779962
1180,0.834525065
1181,0.966039681
1182,0.699265105
1183,0.142639369
1184,0.758258932
1185,0.90789315
1186,0.26359307
1187,0.190409717
1188,0.990991692
1189,0.267131976
1190,0.245482922
1191,0.571341514
1192,0.919865352
1193,0.974729615
1194,0.418302577
1195,0.109774198
1196,0.980428802
1197,0.812760496
1198,0.714719439
1199,0.469262669
1200,0.70052426
1201,0.400380294
1202,0.025028625
1203,0.094116165
1204,0.095255147
1205,0.5734926
1206,0.02241265
1207,0.102266653
1208,0.040634974
1209,0.772908443
1210,0.229768677
1211,0.326162337
1212,0.783740641
1213,0.63183663
1214,0.121555594
1215,0.842465932
1216,0.828914849
1217,0.728959305
1218,0.749189613
1219,0.791252017
1220,0.453694671
1221,0.937315058
1222,0.2497914
1223,0.774095113
1224,0.615374483
1225,0.254245902
1226,0.941146468
1227,0.898967099
1228,0.807372737
1229,0.578935333
1230,0.574398986
1231,0.66033609
1232,0.750128189
1233,0.150618358
1234,0.357480868
1235,0.380210951
1236,0.608536742
1237,0.490795142
1238,0.809463834
1239,0.031051237
1240,0.394169193
1241,0.38128685
1242,0.65155892
1243,0.042902338
1244,0.658008247
1245,0.183211702
1246,0.85403675
1247,0.877097314
1248,0.474351345
1249,0.312936599
1250,0.84200504
1251,0.074759778
1252,0.883770294
1253,0.493090261
1254,0.748764357
1255,0.85736157
1256,0.467055836
1257,0.879711384
1258,0.1224656
1259,0.757356918
1260,0.306055109
1261,0.206225627
1262,0.833049421
1263,0.335143006
1264,0.74265757
1265,0.308744401
1266,0.494108343
1267,0.484426189
1268,0.725812779
1269,0.061530502
1270,0.50048024
1271,0.735354044
1272,0.49890462
1273,0.878837457
1274,0.287479985
1275,0.37355655
1276,0.361832108
1277,0.918271803
1278,0.536398986
1279,0.094920976
1280,0.306385395
1281,0.660081486
1282,0.776009275
1283,0.976249596
1284,0.288064828
1285,0.212012239
1286,0.591546052
1287,0.321906895
1288,0.722202777
1289,0.997424235
1290,0.711376864
1291,0.807713392
1292,0.813415826
1293,0.822341935
1294,0.197400472
1295,0.130147967
1296,0.79484127
1297,0.750791926
1298,0.797860906
1299,0.463489051
1300,0.103379861
1301,0.823384964
1302,0.055248176
1303,0.5612173
1304,0.246993181
1305,0.637738925
1306,0.620167009
1307,0.458235873
1308,0.252299483
1309,0.016940119
1310,0.840048763
1311,0.583087252
1312,0.179578463
1313,0.341960664
1314,0.814177412
1315,0.293224288
1316,0.875456201
1317,0.674074695
1318,0.304168595
1319,0.794706524
1320,0.439823938
1321,0.440300269
1322,0.321445013
1323,0.149903206
1324,0.272846748
1325,0.13233159
1326,0.534092756
1327,0.364563317
1328,0.73909502
1329,0.713542897
1330,0.246661897
1331,0.333328858
1332,0.867961546
1333,0.738899458
1334,0.323298407
1335,0.381676881
1336,0.762163417
1337,0.774966817
1338,0.353252958
1339,0.773465122
1340,0.549890957
1341,0.045013113
1342,0.340703622
1343,0.733112794
1344,0.484587742
1345,0.239672428
1346,0.469372969
1347,0.373148989
1348,0.071294096
1349,0.761809815
1350,0.235212688
1351,0.566473053
1352,0.039963363
1353,0.279451127
1354,0.998559018
1355,0.012082533
1356,0.438577181
1357,0.20751993
1358,0.882548627
1359,0.674668693
1360,0.71945033
1361,0.676255724
1362,0.718854538
1363,0.626372559
1364,0.246270392
1365,0.981840086
1366,0.700532031
1367,0.941673461
1368,0.668194645
1369,0.546334135
1370,0.804619367
1371,0.926937357
1372,0.702431972
1373,0.478514066
1374,0.722616115
1375,0.195982813
1376,0.902092368
1377,0.440455966
1378,0.84807039
1379,0.561809117
1380,0.066876698
1381,0.467251998
1382,0.502460832
1383,0.238444201
1384,0.891940226
1385,0.965827104
1386,0.807046894
1387,0.201387968
1388,0.691114556
1389,0.280707425
1390,0.869209392
1391,0.788609023
1392,0.736818228
1393,0.815172099
1394,0.341636705
1395,0.953676034
1396,0.757150606
1397,0.620255836
1398,0.48798258
1399,0.521149058
1400,0.726764415
1401,0.106021192
1402,0.224178444
1403,0.675261048
1404,0.923397899
1405,0.007486576
1406,0.075495034
1407,0.984019947
1408,0.80508059
1409,0.690181892
1410,0.59248755
1411,0.33325291
1412,0.719614329
1413,0.750267743
1414,0.290340494
1415,0.634074664
1416,0.635152987
1417,0.34886454
1418,0.084231341
1419,0.382501056
1420,0.784086704
1421,0.060808356
1422,0.123559393
1423,0.508682945
1424,0.011983974
1425,0.833401264
1426,0.92027715
1427,0.111392584
1428,0.058145119
1429,0.881028099
1430,0.888740982
1431,0.444052366
1432,0.394372659
1433,0.291750265
1434,0.783369878
1435,0.251633198
1436,0.788809035
1437,0.418178779
1438,0.714247176
1439,0.624896811
1440,0.319960069
1441,0.883101523
1442,0.210832215
1443,0.557127877
1444,0.2436421
1445,0.726531596
1446,0.367858557
1447,0.458147119
1448,0.194088344
1449,0.654901709
1450,0.162278145
1451,0.140554685
1452,0.795235776
1453,0.626649583
1454,0.145404935
1455,0.703893667
1456,0.476639587
1457,0.205270854
1458,0.968892206
1459,0.266892785
1460,0.073798843
1461,0.224031342
1462,0.470945686
1463,0.736779642
1464,0.743437656
1465,0.320210337
1466,0.064381887
1467,0.571788046
1468,0.198391116
1469,0.749763822
1470,0.129998272
1471,0.96773987
1472,0.030879827
1473,0.450505839
1474,0.351459489
1475,0.004971042
1476,0.482083036
1477,0.447120749
1478,0.651406223
1479,0.618271029
1480,0.338634501
1481,0.571883148
1482,0.147991543
1483,0.471388122
1484,0.445109273
1485,0.609944841
1486,0.115014607
1487,0.383174253
1488,0.125236396
1489,0.12859319
1490,0.057992707
1491,0.309128353
1492,0.738532613
1493,0.648683288
1494,0.597850796
1495,0.191800756
1496,0.466134194
1497,0.051911646
1498,0.035813334
1499,0.038725209
1500,0.154933467
1501,0.465211409
1502,0.992296584
1503,0.209468354
1504,0.548643049
1505,0.047712163
1506,0.924132377
1507,0.070510898
1508,0.392217924
1509,0.196325899
1510,0.233360316
1511,0.562986598
1512,0.676506679
1513,0.913802791
1514,0.104866308
1515,0.375277431
1516,0.405769408
1517,0.821382226
1518,0.14709235
1519,0.327177099
1520,0.840785319
1521,0.294626828
1522,0.024189619
1523,0.77285801
1524,0.403473691
1525,0.387593749
1526,0.62436723
1527,0.431136001
1528,0.824909441
1529,0.316520285
1530,0.324127136
1531,0.436737492
1532,0.431160564
1533,0.543215183
1534,0.987620897
1535,0.360012205
1536,0.04766458
1537,0.969124643
1538,0.856821362
1539,0.595416504
1540,0.540037201
1541,0.796124005
1542,0.521888799
1543,0.408257377
1544,0.926262674
1545,0.059406822
1546,0.035226236
1547,0.879075653
1548,0.983785223
1549,0.356544994
1550,0.911691347
1551,0.032335054
1552,0.900855804
1553,0.862905757
1554,0.167363928
1555,0.122757635
1556,0.525153953
1557,0.810853428
1558,0.208512681
1559,0.333974581
1560,0.401246488
1561,0.673572602
1562,0.928361155
1563,0.617669104
1564,0.891602399
1565,0.586253674
1566,0.811409287
1567,0.102263733
1568,0.721288651
1569,0.200506176
1570,0.487484294
1571,0.933337599
1572,0.839695701
1573,0.74747325
1574,0.066448977
1575,0.811076407
1576,0.856618155
1577,0.605771098
1578,0.602848959
1579,0.093682805
1580,0.356568161
1581,0.221083897
1582,0.462953753
1583,0.429838456
1584,0.218640742
1585,0.689801646
1586,0.7033453
1587,0.585293697
1588,0.422772731
1589,0.077593074
1590,0.047506127
1591,0.692527033
1592,0.940183891
1593,0.459299181
1594,0.910090564
1595,0.823846089
1596,0.734488115
1597,0.362299501
1598,0.907941905
1599,0.146346929
1600,0.717689391
1601,0.270779554
1602,0.964322781
1603,0.076514436
1604,0.287172422
1605,0.90875935
1606,0.47216622
1607,0.994303307
1608,0.14506059
1609,0.930247486
1610,0.061793842
1611,0.942562072
1612,0.049417024
1613,0.12404367
1614,0.792068489
1615,0.053779763
1616,0.142534369
1617,0.262812382
1618,0.652268781
1619,0.789982319
1620,0.130040503
1621,0.322977461
1622,0.62566418
1623,0.464714716
1624,0.59170252
1625,0.537281628
1626,0.682798138
1627,0.803552965
1628,0.893958374
1629,0.739581554
1630,0.458434455
1631,0.003143619
1632,0.115454135
1633,0.480547386
1634,0.135123829
1635,0.112527649
1636,0.635074327
1637,0.609038325
1638,0.396970903
1639,0.643325824
1640,0.318267494
1641,0.741734145
1642,0.397541
1643,0.206499279
1644,0.490855422
1645,0.71860322
1646,0.350983304
1647,0.003597316
1648,0.590311476
1649,0.905606158
1650,0.707249198
1651,0.076384795
1652,0.128804923
1653,0.44452987
1654,0.390553858
1655,0.483336167
1656,0.316243749
1657,0.580763879
1658,0.579181174
1659,0.279576147
1660,0.884758527
1661,0.705813419
1662,0.548669096
1663,0.264839747
1664,0.259624096
1665,0.342842664
1666,0.520927844
1667,0.630314703
1668,0.071788212
1669,0.003766453
1670,0.445623831
1671,0.565491181
1672,0.9000139
1673,0.061518883
1674,0.664753945
1675,0.843821277
1676,0.551294711
1677,0.751684985
1678,0.749539311
1679,0.131499778
1680,0.385680485
1681,0.785536405
1682,0.017491765
1683,0.782459633
1684,0.471253521
1685,0.18113909
1686,0.021441612
1687,0.496127449
1688,0.803735111
1689,0.161473816
1690,0.182091055
1691,0.606944864
1692,0.772470712
1693,0.174550994
1694,0.45826341
1695,0.201363267
1696,0.319170961
1697,0.511662338
1698,0.369428655
1699,0.48342922
1700,0.842902897
1701,0.287694478
1702,0.52259601
1703,0.325566353
1704,0.98183482
1705,0.482778124
1706,0.034943155
1707,0.010130983
1708,0.602467048
1709,0.811498227
1710,0.42371583
1711,0.322124235
1712,0.094706662
1713,0.912135345
1714,0.781098811
1715,0.589681978
1716,0.276706798
1717,0.114098197
1718,0.334388436
1719,0.519462551
1720,0.684946265
1721,0.20137032
1722,0.971320068
1723,0.446456658
1724,0.920782625
1725,0.376999551
1726,0.749693882
1727,0.929770414
1728,0.597698101
1729,0.573952874
1730,0.901399769
1731,0.369269352
1732,0.023056313
1733,0.726678215
1734,0.212573234
1735,0.03605435
1736,0.80743497
1737,0.369612328
1738,0.157763727
1739,0.872545467
1740,0.310060789
1741,0.388568883
1742,0.390951639
1743,0.046716441
1744,0.869871977
1745,0.349329103
1746,0.647469595
1747,0.137597802
1748,0.992649596
1749,0.791245797
1750,0.428308503
1751,0.14596352
1752,0.437120906
1753,0.817864707
1754,0.876737906
1755,0.564209686
1756,0.332313034
1757,0.168619176
1758,0.934880037
1759,0.258752598
1760,0.143956883
1761,0.943395176
1762,0.461383032
1763,0.656448292
1764,0.745321546
1765,0.850840741
1766,0.125478427
1767,0.552818122
1768,0.982325803
1769,0.543235368
1770,0.464338949
1771,0.499025003
1772,0.431533191
1773,0.261939659
1774,0.527420825
1775,0.484821074
1776,0.150915473
1777,0.085349568
1778,0.335953762
1779,0.872845334
1780,0.402216757
1781,0.479025763
1782,0.110059797
1783,0.644532198
1784,0.474509446
1785,0.681255878
1786,0.181972497
1787,0.812868112
1788,0.549602541
1789,0.446194775
1790,0.275861115
1791,0.340699559
1792,0.137266857
1793,0.832433747
1794,0.320784879
1795,0.62981398
1796,0.206867168
1797,0.177680813
1798,0.407104509
1799,0.319556656
1800,0.061403265
1801,0.571102863
1802,0.658500303
1803,0.639037485
1804,0.747119424
1805,0.163745511
1806,0.387247645
1807,0.0751015
1808,0.4138582
1809,0.335789683
1810,0.437586122
1811,0.830120308
1812,0.264827557
1813,0.370692527
1814,0.533437117
1815,0.887514886
1816,0.752169554
1817,0.896130198
1818,0.624762265
1819,0.861943441
1820,0.949743502
1821,0.547106891
1822,0.641843181
1823,0.251924859
1824,0.741008348
1825,0.240569778
1826,0.248544499
1827,0.176290131
1828,0.686066469
1829,0.395421632
1830,0.183278749
1831,0.027247166
1832,0.510320427
1833,0.829164283
1834,0.907657493
1835,0.51237329
1836,0.574202026
1837,0.109727644
1838,0.176531955
1839,0.675742389
1840,0.065980483
1841,0.080721456
1842,0.889033712
1843,0.244074427
1844,0.827581749
1845,0.312191914
1846,0.873915513
1847,0.348877824
1848,0.384040822
1849,0.307276222
1850,0.960860959
1851,0.120889014
1852,0.794742974
1853,0.597136664
1854,0.912194562
1855,0.821856935
1856,0.051154463
1857,0.152664622
1858,0.802663076
1859,0.14181149
1860,0.996780429
1861,0.158002186
1862,0.703375
1863,0.031676381
1864,0.245239805
1865,0.805301182
1866,0.173110705
1867,0.894388592
1868,0.021605908
1869,0.37154069
1870,0.746844446
1871,0.142702397
1872,0.139180045
1873,0.742862819
1874,0.992730118
1875,0.996541649
1876,0.306225789
1877,0.356258026
1878,0.836627175
1879,0.632123305
1880,0.637593012
1881,0.087632666
1882,0.736157839
1883,0.685841508
1884,0.526472379
1885,0.503898155
1886,0.192421235
1887,0.914462351
1888,0.377323934
1889,0.901078367
1890,0.40265115
1891,0.399055574
1892,0.430666457
1893,0.305556031
1894,0.560467251
1895,0.91789418
1896,0.662111817
1897,0.412348679
1898,0.804254321
1899,0.870794064
1900,0.524052302
1901,0.75487844
1902,0.778354494
1903,0.543311613
1904,0.404139736
1905,0.393558274
1906,0.053886436
1907,0.443344373
1908,0.648601696
1909,0.664787804
1910,0.681675645
1911,0.953080639
1912,0.282897832
1913,0.719475794
1914,0.946519623
1915,0.570546025
1916,0.372909312
1917,0.65019643
1918,0.659347149
1919,0.714213507
1920,0.749259858
1921,0.2215333
1922,0.521849462
1923,0.232307797
1924,0.40746885
1925,0.636449698
1926,0.664975508
1927,0.016453711
1928,0.714568416
1929,0.258883364
1930,0.556505926
1931,0.604327882
1932,0.41854189
1933,0.539753982
1934,0.127204798
1935,0.723791945
1936,0.548901541
1937,0.963142085
1938,0.098229066
1939,0.388782972
1940,0.714779672
1941,0.708642542
1942,0.883305065
1943,0.506324628
1944,0.380381021
1945,0.627872811
1946,0.501122964
1947,0.598438825
1948,0.178936141
1949,0.180744677
1950,0.838187265
1951,0.032357294
1952,0.185403295
1953,0.400804735
1954,0.388023289
1955,0.469780583
1956,0.475671381
1957,0.296769936
1958,0.907645856
1959,0.938477785
1960,0.385111659
1961,0.43741932
1962,0.678901878
1963,0.535559797
1964,0.457283764
1965,0.385654318
1966,0.728227417
1967,0.938017005
1968,0.555883306
1969,0.599984063
1970,0.619152667
1971,0.733308056
1972,0.01930728
1973,0.376316749
1974,0.557104494
1975,0.7575505
1976,0.808413399
1977,0.930345904
1978,0.535427934
1979,0.864884586
1980,0.469163642
1981,0.025202125
1982,0.786284506
1983,0.527784055
1984,0.933168989
1985,0.114611092
1986,0.952722359
1987,0.229734789
1988,0.284998255
1989,0.48282071
1990,0.860883278
1991,0.65771462
1992,0.743099132
1993,0.245178642
1994,0.757949765
1995,0.316364371
1996,0.224375556
1997,0.059036788
1998,0.947625935
1999,0.247648876
2000,0.585488345
2001,0.102424474
2002,0.930692247
2003,0.932916365
2004,0.05208033
2005,0.586109477
2006,0.244336619
2007,0.117309794
2008,0.65899674
2009,0.752246685
2010,0.814694456
2011,0.136991256
2012,0.495658652
2013,0.834457401
2014,0.020240625
2015,0.786248228
2016,0.106527226
2017,0.699640658
2018,0.696467655
2019,0.139418811
2020,0.248344547
2021,0.95041256
2022,0.372448799
2023,0.149116063
2024,0.209194091
2025,0.086935357
2026,0.591194754
2027,0.075808289
2028,0.950900848
2029,0.721280683
2030,0.511058463
2031,0.228294546
2032,0.434090021
2033,0.368938736
2034,0.433189967
2035,0.288115412
2036,0.053022223
2037,0.763795347
2038,0.220042858
2039,0.874341691
2040,0.84550308
2041,0.947049513
2042,0.396983405
2043,0.091752262
2044,0.807726201
2045,0.957615504
2046,0.828343009
2047,0.114677105
2048,0.148864796
2049,0.302341482
2050,0.006742762
2051,0.063048302
2052,0.536628303
2053,0.622739689
2054,0.170910321
2055,0.995648866
2056,0.211685927
2057,0.184305923
2058,0.617438965
2059,0.576724494
2060,0.624748156
2061,0.654375111
2062,0.408661441
2063,0.167522873
2064,0.056822914
2065,0.459837289
2066,0.175480566
2067,0.521630633
2068,0.11902958
2069,0.292115451
2070,0.849392516
2071,0.456871593
2072,0.165342396
2073,0.437336857
2074,0.173700335
2075,0.663151881
2076,0.049551545
2077,0.308736907
2078,0.29614507
2079,0.736704289
2080,0.097982857
2081,0.219645307
2082,0.91913286
2083,0.080219807
2084,0.54121296
2085,0.213459699
2086,0.929719566
2087,0.730428468
2088,0.743273265
2089,0.654648816
2090,0.073291697
2091,0.81230331
2092,0.959851103
2093,0.008660519
2094,0.237881917
2095,0.335983014
2096,0.897844001
2097,0.96856502
2098,0.361230508
2099,0.467768558
2100,0.320540417
2101,0.963137081
2102,0.460806728
2103,0.637473731
2104,0.32739214
2105,0.000104622
2106,0.498556034
2107,0.737079479
2108,0.54506532
2109,0.336788928
2110,0.733040585
2111,0.665178705
2112,0.021482776
2113,0.352408198
2114,0.666865672
2115,0.729562011
2116,0.553117841
2117,0.514074104
2118,0.715609917
2119,0.771482808
2120,0.952361831
2121,0.26102211
2122,0.456268021
2123,0.058517608
2124,0.44881707
2125,0.421466396
2126,0.315098722
2127,0.235262406
2128,0.352948486
2129,0.984712358
2130,0.633205037
2131,0.312915676
2132,0.868003228
2133,0.865542403
2134,0.07457161
2135,0.963461758
2136,0.89214448
2137,0.888597119
2138,0.805517361
2139,0.355681974
2140,0.888740266
2141,0.08766523
2142,0.745539829
2143,0.766944718
2144,0.442091903
2145,0.272137762
2146,0.589248485
2147,0.752226548
2148,0.139139666
2149,0.589739308
2150,0.571053949
2151,0.910552008
2152,0.581934136
2153,0.670773038
2154,0.293913411
2155,0.178619868
2156,0.154883354
2157,0.555022994
2158,0.378825612
2159,0.137719065
2160,0.387692014
2161,0.299463079
2162,0.128952922
2163,0.095919406
2164,0.169449853
2165,0.848887079
2166,0.33591745
2167,0.451562352
2168,0.433527644
2169,0.84287747
2170,0.061561604
2171,0.112359956
2172,0.684330562
2173,0.638063242
2174,0.298944094
2175,0.017625666
2176,0.126767691
2177,0.4427119
2178,0.869903489
2179,0.245024585
2180,0.142150804
2181,0.880113841
2182,0.89750271
2183,0.23924914
2184,0.166885894
2185,0.848996853
2186,0.625977831
2187,0.344613933
2188,0.045143365
2189,0.622437667
2190,0.921634947
2191,0.790258628
2192,0.759405462
2193,0.039231708
2194,0.349310233
2195,0.022826333
2196,0.450118761
2197,0.675240794
2198,0.464673028
2199,0.721130679
2200,0.66761195
2201,0.231991609
2202,0.746393109
2203,0.939100859
2204,0.102910296
2205,0.130875696
2206,0.853698581
2207,0.031401282
2208,0.683041371
2209,0.841753603
2210,0.275870483
2211,0.704702728
2212,0.508700892
2213,0.716884168
2214,0.306564722
2215,0.308660031
2216,0.258690141
2217,0.803490644
2218,0.116270218
2219,0.211568754
2220,0.553180025
2221,0.18988676
2222,0.040134456
2223,0.102858874
2224,0.69793328
2225,0.65812293
2226,0.621799431
2227,0.974602089
2228,0.394580496
2229,0.481320802
2230,0.435582244
2231,0.651049591
2232,0.775964923
2233,0.274402712
2234,0.780290455
2235,0.414808932
2236,0.978141222
2237,0.461595868
2238,0.597916975
2239,0.472669413
2240,0.309323042
2241,0.524076747
2242,0.958174491
2243,0.430883792
2244,0.650101323
2245,0.962629983
2246,0.980181061
2247,0.852043542
2248,0.431623444
2249,0.830270088
2250,0.890541193
2251,0.281548466
2252,0.175749602
2253,0.401462743
2254,0.905448033
2255,0.640498819
2256,0.535267569
2257,0.550899584
2258,0.967684303
2259,0.848715342
2260,0.63636691
2261,0.613978127
2262,0.651948793
2263,0.431756333
2264,0.282997655
2265,0.260438942
2266,0.051027247
2267,0.045564628
2268,0.318710937
2269,0.582061132
2270,0.109274978
2271,0.610257503
2272,0.299933271
2273,0.85889243
2274,0.11749025
2275,0.585511875
2276,0.891593533
2277,0.679098704
2278,0.665566524
2279,0.203796783
2280,0.996277605
2281,0.34459533
2282,6.72418E-05
2283,0.805861098
2284,0.126118139
2285,0.357479627
2286,0.782751919
2287,0.17761908
2288,0.309959384
2289,0.101766315
2290,0.439926037
2291,0.04265664
2292,0.066244261
2293,0.730102672
2294,0.037695838
2295,0.382787723
2296,0.988482721
2297,0.770366581
2298,0.818192786
2299,0.231197549
2300,0.825552374
2301,0.932153713
2302,0.342451245
2303,0.320190555
2304,0.635861011
2305,0.089476128
2306,0.372928619
2307,0.417743118
2308,0.667244478
2309,0.923648269
2310,0.613497502
2311,0.639766594
2312,0.999594271
2313,0.931909947
2314,0.985032042
2315,0.763390479
2316,0.333088483
2317,0.922079213
2318,0.533258608
2319,0.241131072
2320,0.545028222
2321,0.60896182
2322,0.524490915
2323,0.456933105
2324,0.512195516
2325,0.124525025
2326,0.976012341
2327,0.914230565
2328,0.150274701
2329,0.685285721
2330,0.898473708
2331,0.399405859
2332,0.128848571
2333,0.87219076
2334,0.871612939
2335,0.156322041
2336,0.318279699
2337,0.509477768
2338,0.448791933
2339,0.537239644
2340,0.439978945
2341,0.713436477
2342,0.096381461
2343,0.11486189
2344,0.502823419
2345,0.991037984
2346,0.880267308
2347,0.445787128
2348,0.781729697
2349,0.487634825
2350,0.254823541
2351,0.329726579
2352,0.735650067
2353,0.848577118
2354,0.846110895
2355,0.723373162
2356,0.761707336
2357,0.034569761
2358,0.213244145
2359,0.951065211
2360,0.326578318
2361,0.206123506
2362,0.668437754
2363,0.498603541
2364,0.875461464
2365,0.933311
2366,0.452707083
2367,0.646859755
2368,0.844035634
2369,0.322929108
2370,0.238286728
2371,0.445066322
2372,0.154638883
2373,0.170427324
2374,0.543659763
2375,0.900281587
2376,0.177941231
2377,0.383694617
2378,0.526542374
2379,0.413564235
2380,0.476527161
2381,0.809015149
2382,0.257014095
2383,0.137248772
2384,0.583486079
2385,0.640617024
2386,0.895115239
2387,0.554300577
2388,0.028934282
2389,0.237129825
2390,0.226949733
2391,0.009412381
2392,0.235869636
2393,0.906374718
2394,0.310841064
2395,0.70243501
2396,0.825912112
2397,0.486255867
2398,0.517834021
2399,0.732322854
2400,0.719842933
2401,0.900390154
2402,0.200385292
2403,0.763704431
2404,0.393020926
2405,0.611114654
2406,0.849774672
2407,0.904721959
2408,0.351752699
2409,0.379251064
2410,0.470630202
2411,0.232180657
2412,0.894323586
2413,0.614787047
2414,0.682405104
2415,0.305586606
2416,0.844690549
2417,0.400291213
2418,0.888238069
2419,0.525880254
2420,0.339934404
2421,0.061056058
2422,0.393643401
2423,0.746353553
2424,0.174757085
2425,0.707657948
2426,0.344511974
2427,0.280262712
2428,0.71330279
2429,0.458981074
2430,0.436023072
2431,0.589672201
2432,0.417477669
2433,0.905859041
2434,0.648267435
2435,0.697638622
2436,0.131876728
2437,0.354301756
2438,0.121721132
2439,0.440386518
2440,0.011730607
2441,0.382959437
2442,0.054467909
2443,0.585357169
2444,0.283416532
2445,0.124473078
2446,0.734296007
2447,0.053476636
2448,0.14651705
2449,0.142260639
2450,0.477736104
2451,0.985315717
2452,0.095313682
2453,0.551494578
2454,0.167347955
2455,0.782635748
2456,0.115852925
2457,0.911642257
2458,0.945013927
2459,0.459317395
2460,0.925153278
2461,0.727850558
2462,0.294062042
2463,0.922351969
2464,0.174132771
2465,0.860378558
2466,0.419110736
2467,0.75388462
2468,0.518946083
2469,0.909540743
2470,0.730446083
2471,0.510958153
2472,0.225009649
2473,0.577740636
2474,0.753245643
2475,0.671125382
2476,0.508992836
2477,0.670026764
2478,0.191707897
2479,0.033735054
2480,0.378275834
2481,0.957128069
2482,0.437826565
2483,0.950964432
2484,0.39609758
2485,0.071390873
2486,0.57058435
2487,0.998132525
2488,0.169773873
2489,0.168747531
2490,0.903887609
2491,0.366867772
2492,0.596306829
2493,0.284447158
2494,0.008403783
2495,0.76938723
2496,0.554892763
2497,0.978998917
2498,0.399897828
2499,0.405270665
2500,0.9480275
2501,0.578945128
2502,0.792212246
2503,0.427883545
2504,0.413531334
2505,0.039314731
2506,0.370580028
2507,0.122377148
2508,0.10577226
2509,0.660423378
2510,0.793957501
2511,0.745727275
2512,0.178521986
2513,0.920386811
2514,0.513106325
2515,0.252742775
2516,0.023276511
2517,0.3991234
2518,0.570359586
2519,0.638904083
2520,0.189867097
2521,0.446922089
2522,0.900071577
2523,0.964320856
2524,0.528987087
2525,0.661026803
2526,0.547213911
2527,0.856608546
2528,0.968575676
2529,0.130358456
2530,0.293847075
2531,0.039790491
2532,0.405489433
2533,0.711288993
2534,0.893323501
2535,0.884413378
2536,0.03722074
2537,0.944069272
2538,0.577974107
2539,0.506972945
2540,0.270847078
2541,0.807030202
2542,0.335126106
2543,0.114835692
2544,0.998673539
2545,0.097060031
2546,0.574588104
2547,0.215162816
2548,0.22077483
2549,0.79496703
2550,0.92998794
2551,0.623810487
2552,0.52010029
2553,0.82328725
2554,0.459422461
2555,0.527447915
2556,0.811526699
2557,0.710222104
2558,0.598080887
2559,0.883696511
2560,0.625904039
2561,0.875110297
2562,0.047966233
2563,0.440206953
2564,0.594290637
2565,0.299475641
2566,0.432933013
2567,0.36778908
2568,0.94084377
2569,0.810253374
2570,0.507295272
2571,0.753353931
2572,0.826890147
2573,0.711858923
2574,0.469459135
2575,0.010124941
2576,0.821026137
2577,0.965172186
2578,0.247884195
2579,0.959660647
2580,0.759766219
2581,0.480170759
2582,0.510304423
2583,0.637426604
2584,0.68962396
2585,0.773907158
2586,0.502594613
2587,0.780431411
2588,0.13574588
2589,0.560511059
2590,0.818748734
2591,0.739561108
2592,0.063029522
2593,0.144355226
2594,0.542235525
2595,0.606330454
2596,0.143931702
2597,0.611235962
2598,0.206820156
2599,0.110942393
2600,0.595316699
2601,0.951983737
2602,0.418918537
2603,0.180021562
2604,0.512081889
2605,0.479160915
2606,0.873721121
2607,0.889370331
2608,0.804081344
2609,0.591300366
2610,0.715590048
2611,0.464135994
2612,0.140303657
2613,0.985665983
2614,0.896472683
2615,0.674991198
2616,0.029032672
2617,0.096300662
2618,0.285857195
2619,0.895544657
2620,0.483295354
2621,0.675943368
2622,0.039234195
2623,0.117734097
2624,0.558005216
2625,0.253071548
2626,0.732557221
2627,0.276582513
2628,0.80209717
2629,0.867237176
2630,0.038737772
2631,0.096482742
2632,0.913355267
2633,0.520440634
2634,0.834143147
2635,0.933221199
2636,0.30317882
2637,0.114367139
2638,0.62476491
2639,0.211700478
2640,0.923669652
2641,0.64964683
2642,0.255342518
2643,0.384264645
2644,0.743280457
2645,0.075568176
2646,0.8922145
2647,0.500446751
2648,0.930197882
2649,0.144862076
2650,0.685793755
2651,0.975925467
2652,0.375788542
2653,0.120802985
2654,0.794688733
2655,0.845515894
2656,0.440582401
2657,0.912724641
2658,0.485855821
2659,0.636484792
2660,0.649115024
2661,0.82181317
2662,0.128416248
2663,0.575599051
2664,0.346457719
2665,0.776515951
2666,0.536094278
2667,0.989397498
2668,0.957193442
2669,0.895430948
2670,0.174173906
2671,0.154449459
2672,0.558289778
2673,0.223661662
2674,0.65312341
2675,0.430482995
2676,0.946536986
2677,0.937105418
2678,0.899336559
2679,0.692630284
2680,0.980627682
2681,0.362106933
2682,0.998437611
2683,0.412884593
2684,0.960127797
2685,0.000690605
2686,0.014545857
2687,0.007514372
2688,0.318376039
2689,0.45596307
2690,0.554170012
2691,0.650159818
2692,0.401340251
2693,0.530858114
2694,0.894355473
2695,0.992148095
2696,0.33100688
2697,0.579466203
2698,0.528853558
2699,0.056951223
2700,0.44855754
2701,0.664942251
2702,0.726604957
2703,0.586982217
2704,0.486472272
2705,0.239473915
2706,0.709919048
2707,0.344777562
2708,0.913332804
2709,0.876261671
2710,0.817818728
2711,0.965552578
2712,0.212982647
2713,0.44927355
2714,0.089549632
2715,0.561316525
2716,0.703453649
2717,0.424845753
2718,0.512314965
2719,0.958239705
2720,0.377446168
2721,0.23250167
2722,0.540209259
2723,0.233003197
2724,0.859954186
2725,0.56148466
2726,0.185989734
2727,0.995626394
2728,0.533570036
2729,0.220991149
2730,0.461117046
2731,0.071033309
2732,0.448126008
2733,0.758259291
2734,0.959689114
2735,0.589465719
2736,0.917303592
2737,0.482725918
2738,0.762754441
2739,0.731657067
2740,0.814536556
2741,0.382718153
2742,0.864686263
2743,0.604750371
2744,0.93241169
2745,0.482011996
2746,0.573074298
2747,0.858376713
2748,0.448490195
2749,0.715674544
2750,0.423404969
2751,0.394627994
2752,0.283348339
2753,0.83779533
2754,0.179872179
2755,0.370911141
2756,0.065245816
2757,0.195193701
2758,0.605573643
2759,0.769484627
2760,0.648412311
2761,0.819708479
2762,0.958177999
2763,0.589300495
2764,0.850259072
2765,0.907283777
2766,0.526547147
2767,0.979896737
2768,0.001573069
2769,0.520775213
2770,0.331037381
2771,0.802962215
2772,0.730803086
2773,0.182192189
2774,0.468811702
2775,0.292172717
2776,0.515381209
2777,0.946801136
2778,0.815288422
2779,0.575258833
2780,0.97280519
2781,0.659582181
2782,0.447771395
2783,0.348272147
2784,0.9778474
2785,0.290915932
2786,0.668669774
2787,0.856359438
2788,0.681861891
2789,0.15969135
2790,0.684114596
2791,0.240576887
2792,0.626269245
2793,0.998029269
2794,0.599733931
2795,0.655128508
2796,0.431899037
2797,0.647683339
2798,0.420478364
2799,0.478677967
2800,0.8762391
2801,0.008574892
2802,0.50057435
2803,0.638240883
2804,0.446969864
2805,0.490371257
2806,0.846734472
2807,0.930998352
2808,0.514405596
2809,0.613227424
2810,0.912703932
2811,0.336261272
2812,0.128985753
2813,0.319798251
2814,0.378018512
2815,0.702166903
2816,0.792231859
2817,0.174359537
2818,0.638583595
2819,0.092692758
2820,0.266054088
2821,0.987652374
2822,0.499365554
2823,0.798998267
2824,0.874959065
2825,0.716308942
2826,0.399283541
2827,0.757028941
2828,0.631529021
2829,0.049808172
2830,0.511369548
2831,0.17395848
2832,0.83394929
2833,0.683846699
2834,0.732387311
2835,0.027534885
2836,0.191917155
2837,0.083491896
2838,0.221671286
2839,0.791166622
2840,0.489698318
2841,0.306292597
2842,0.422587723
2843,0.766014079
2844,0.255974977
2845,0.58060672
2846,0.736466886
2847,0.438669081
2848,0.283864453
2849,0.513130001
2850,0.833521099
2851,0.853970603
2852,0.929060868
2853,0.304872716
2854,0.676288845
2855,0.808673537
2856,0.366141349
2857,0.549575058
2858,0.566236816
2859,0.22859218
2860,0.488324302
2861,0.909945404
2862,0.284579905
2863,0.575222971
2864,0.914092131
2865,0.516745702
2866,0.633062216
2867,0.990183241
2868,0.353490725
2869,0.388240469
2870,0.287293567
2871,0.156722245
2872,0.653818014
2873,0.820551154
2874,0.649267205
2875,0.008365176
2876,0.824701592
2877,0.184830113
2878,0.25559875
2879,0.96632547
2880,0.081491323
2881,0.810475769
2882,0.780307533
2883,0.347693119
2884,0.498954274
2885,0.660772127
2886,0.570389523
2887,0.147342774
2888,0.620092724
2889,0.269200047
2890,0.843795858
2891,0.570005376
2892,0.159311467
2893,0.152073039
2894,0.153127894
2895,0.93495036
2896,0.645629461
2897,0.79039278
2898,0.820065931
2899,0.551971736
2900,0.113091643
2901,0.090276987
2902,0.106347826
2903,0.166894193
2904,0.071377591
2905,0.454061316
2906,0.386516561
2907,0.700204182
2908,0.563230365
2909,0.384926721
2910,0.12328125
2911,0.265272572
2912,0.858207629
2913,0.776607158
2914,0.240001345
2915,0.062227254
2916,0.735595212
2917,0.255468455
2918,0.026953976
2919,0.62319654
2920,0.57517844
2921,0.972008203
2922,0.483110793
2923,0.143196957
2924,0.259882132
2925,0.868169413
2926,0.9518291
2927,0.86795874
2928,0.116657453
2929,0.759792085
2930,0.590273749
2931,0.380198517
2932,0.126067372
2933,0.114214787
2934,0.315115885
2935,0.020546271
2936,0.855548949
2937,0.426462602
2938,0.922417468
2939,0.592753557
2940,0.473468378
2941,0.367846496
2942,0.060781325
2943,0.408515821
2944,0.127786774
2945,0.879290818
2946,0.449285312
2947,0.84077996
2948,0.195335562
2949,0.536734239
2950,0.662108974
2951,0.484636129
2952,0.559440896
2953,0.786182521
2954,0.414635253
2955,0.016785855
2956,0.209578599
2957,0.383332532
2958,0.400434013
2959,0.406910114
2960,0.980564842
2961,0.883475984
2962,0.619572993
2963,0.626487627
2964,0.703167414
2965,0.646885219
2966,0.47094294
2967,0.190466304
2968,0.448005739
2969,0.034950549
2970,0.497210064
2971,0.753545981
2972,0.094063801
2973,0.300300106
2974,0.749644262
2975,0.895593541
2976,0.662438652
2977,0.075269878
2978,0.01350289
2979,0.76486202
2980,0.379689252
2981,0.969399355
2982,0.403955078
2983,0.721147446
2984,0.429516822
2985,0.392578506
2986,0.212054719
2987,0.484358349
2988,0.860761147
2989,0.132373952
2990,0.130206137
2991,0.523077037
2992,0.254665662
2993,0.692942864
2994,0.364997777
2995,0.753355968
2996,0.516900577
2997,0.903075381
2998,0.334265586
2999,0.753800671
3000,0.25797928
3001,0.53731204
3002,0.293333612
3003,0.481895318
3004,0.508172114
3005,0.233810204
3006,0.385046319
3007,0.36712457
3008,0.325243358
3009,0.863184202
3010,0.318228421
3011,0.3998777
3012,0.865481766
3013,0.737117186
3014,0.782081508
3015,0.958145508
3016,0.158745934
3017,0.500817217
3018,0.610010293
3019,0.806699177
3020,0.800850227
3021,0.230574189
3022,0.176764574
3023,0.445169209
3024,0.290982233
3025,0.621823093
3026,0.938405124
3027,0.797922162
3028,0.923700077
3029,0.90739691
3030,0.054476586
3031,0.727034206
3032,0.554490557
3033,0.319700552
3034,0.189715544
3035,0.739784122
3036,0.181119805
3037,0.89934208
3038,0.855130315
3039,0.266972074
3040,0.188516711
3041,0.571442209
3042,0.571778517
3043,0.072396616
3044,0.103190242
3045,0.145770581
3046,0.856996402
3047,0.34553051
3048,0.582403025
3049,0.78545456
3050,0.184192887
3051,0.853972023
3052,0.9987009
3053,0.029648972
3054,0.374779758
3055,0.288550426
3056,0.218829006
3057,0.351065027
3058,0.959466185
3059,0.599028664
3060,0.522828792
3061,0.515127173
3062,0.202687712
3063,0.976148397
3064,0.436643492
3065,0.179344865
3066,0.741533883
3067,0.769675946
3068,0.098181992
3069,0.209889616
3070,0.41673287
3071,0.51658212
3072,0.399968713
3073,0.757413927
3074,0.605684663
3075,0.652471558
3076,0.164798648
3077,0.727711657
3078,0.890883202
3079,0.082520264
3080,0.132465239
3081,0.639151549
3082,0.219747843
3083,0.642239947
3084,0.172304951
3085,0.076602594
3086,0.528677476
3087,0.701709579
3088,0.557426265
3089,0.168241195
3090,0.492173623
3091,0.3527885
3092,0.719226882
3093,0.123600792
3094,0.436310256
3095,0.613825072
3096,0.459990122
3097,0.321094598
3098,0.940484677
3099,0.987359661
3100,0.484310871
3101,0.987508695
3102,0.403912252
3103,0.46457318
3104,0.312185926
3105,0.162984388
3106,0.613607984
3107,0.828284275
3108,0.563683619
3109,0.090959821
3110,0.752506211
3111,0.444502942
3112,0.390705697
3113,0.616162766
3114,0.068905321
3115,0.728966173
3116,0.382069075
3117,0.693814901
3118,0.015738805
3119,0.450411194
3120,0.90538395
3121,0.258407337
3122,0.24656668
3123,0.734636837
3124,0.917217349
3125,0.939811176
3126,0.831896562
3127,0.644745887
3128,0.435138303
3129,0.868911743
3130,0.660824106
3131,0.502596304
3132,0.938741394
3133,0.141915711
3134,0.261638729
3135,0.966128349
3136,0.531116477
3137,0.59510596
3138,0.694345235
3139,0.172323983
3140,0.127320922
3141,0.888060612
3142,0.593665719
3143,0.938058066
3144,0.988643108
3145,0.392581345
3146,0.004469071
3147,0.747812299
3148,0.701098223
3149,0.086559158
3150,0.130417688
3151,0.330946455
3152,0.770558394
3153,0.482381104
3154,0.490275242
3155,0.816559604
3156,0.264936925
3157,0.500250195
3158,0.721376693
3159,0.312148791
3160,0.469866664
3161,0.851272929
3162,0.884658618
3163,0.362730533
3164,0.648124923
3165,0.008532868
3166,0.917175838
3167,0.101210264
3168,0.444255411
3169,0.914300262
3170,0.326961721
3171,0.55921403
3172,0.233465996
3173,0.854477968
3174,0.421218293
3175,0.17655589
3176,0.381887409
3177,0.373772829
3178,0.593602766
3179,0.232860692
3180,0.504594398
3181,0.463016987
3182,0.015839631
3183,0.110081781
3184,0.042744846
3185,0.40970256
3186,0.970677962
3187,0.521424191
3188,0.066928934
3189,0.860293319
3190,0.879775901
3191,0.672555754
3192,0.03830237
3193,0.402055755
3194,0.635778854
3195,0.304487448
3196,0.687647146
3197,0.494202754
3198,0.024138244
3199,0.783789103
3200,0.993072325
3201,0.648839118
3202,0.2423808
3203,0.165635304
3204,0.52833388
3205,0.7044059
3206,0.64376955
3207,0.276975919
3208,0.459877341
3209,0.936672551
3210,0.049869452
3211,0.982485039
3212,0.450888705
3213,0.137904255
3214,0.213528935
3215,0.071189994
3216,0.89313303
3217,0.530407289
3218,0.509666189
3219,0.172888358
3220,0.809891222
3221,0.451529816
3222,0.849768739
3223,0.397183497
3224,0.708884641
3225,0.207222523
3226,0.318870805
3227,0.668218245
3228,0.88229515
3229,0.359609763
3230,0.232929963
3231,0.343273666
3232,0.90805924
3233,0.992390711
3234,0.963226617
3235,0.938338983
3236,0.666784823
3237,0.473128298
3238,0.348804755
3239,0.687189594
3240,0.517150969
3241,0.852111652
3242,0.693239563
3243,0.855410588
3244,0.139674611
3245,0.706285626
3246,0.805788438
3247,0.321794934
3248,0.389027592
3249,0.818316356
3250,0.658664663
3251,0.990831327
3252,0.786972029
3253,0.029245053
3254,0.291099267
3255,0.628409338
3256,0.545784777
3257,0.040364046
3258,0.987576765
3259,0.502031074
3260,0.472049632
3261,0.845578118
3262,0.684167347
3263,0.528787253
3264,0.868563432
3265,0.349778236
3266,0.442121607
3267,0.127389581
3268,0.499557983
3269,0.289861846
3270,0.465842486
3271,0.308840073
3272,0.358593121
3273,0.964064711
3274,0.231624824
3275,0.431291787
3276,0.514420144
3277,0.478227313
3278,0.679612438
3279,0.794367806
3280,0.748505309
3281,0.837314056
3282,0.385717913
3283,0.159679996
3284,0.038984506
3285,0.044201143
3286,0.202973967
3287,0.921438338
3288,0.816297782
3289,0.567424044
3290,0.918500973
3291,0.321672696
3292,0.012788114
3293,0.036577769
3294,0.099672758
3295,0.979062834
3296,0.688876571
3297,0.356043169
3298,0.288626733
3299,0.350211695
3300,0.987325121
3301,0.39625397
3302,0.691268128
3303,0.345761261
3304,0.591396246
3305,0.803113829
3306,0.527429932
3307,0.391347714
3308,0.657794232
3309,0.515403695
3310,0.765741707
3311,0.081315995
3312,0.015772914
3313,0.016204045
3314,0.379193599
3315,0.255394755
3316,0.429063222
3317,0.247762107
3318,0.385469539
3319,0.571072823
3320,0.206299349
3321,0.183720218
3322,0.616393415
3323,0.967723688
3324,0.776639237
3325,0.756162616
3326,0.232372236
3327,0.431658997
3328,0.844314903
3329,0.207753207
3330,0.873977452
3331,0.957545163
3332,0.915030527
3333,0.343344015
3334,0.620614395
3335,0.501531366
3336,0.111876005
3337,0.033647118
3338,0.358940585
3339,0.39374421
3340,0.008373839
3341,0.69628874
3342,0.429193473
3343,0.104467636
3344,0.549927214
3345,0.437361473
3346,0.907530705
3347,0.065205534
3348,0.866199495
3349,0.152617943
3350,0.206403443
3351,0.608819137
3352,0.706650004
3353,0.802735319
3354,0.754468199
3355,0.018607919
3356,0.625670445
3357,0.773786474
3358,0.897897002
3359,0.277968461
3360,0.254266788
3361,0.091382312
3362,0.823818377
3363,0.958774738
3364,0.380743135
3365,0.260288266
3366,0.37330635
3367,0.903973035
3368,0.557306602
3369,0.741258189
3370,0.818639549
3371,0.016469485
3372,0.55820173
3373,0.82918788
3374,0.40305227
3375,0.86657967
3376,0.102224184
3377,0.427330532
3378,0.630749219
3379,0.543648135
3380,0.164420527
3381,0.528906198
3382,0.154287459
3383,0.868870304
3384,0.8616604
3385,0.194103212
3386,0.139364618
3387,0.638332655
3388,0.495006627
3389,0.377473158
3390,0.411841482
3391,0.08328408
3392,0.33507537
3393,0.162893768
3394,0.15575611
3395,0.261943529
3396,0.358711077
3397,0.002079259
3398,0.57827778
3399,0.806294146
3400,0.238782474
3401,0.764367148
3402,0.647648274
3403,0.447888005
3404,0.146566059
3405,0.010560813
3406,0.422946189
3407,0.847561348
3408,0.892248669
3409,0.585782037
3410,0.82876538
3411,0.199247242
3412,0.668748029
3413,0.296332688
3414,0.885880824
3415,0.480463054
3416,0.887770391
3417,0.561905545
3418,0.907596138
3419,0.305973366
3420,0.965295983
3421,0.051008171
3422,0.410784145
3423,0.327540356
3424,0.168457088
3425,0.956934662
3426,0.418471933
3427,0.341533523
3428,0.290053582
3429,0.706054145
3430,0.132454699
3431,0.047002548
3432,0.884934892
3433,0.557276566
3434,0.303015465
3435,0.917711999
3436,0.841283302
3437,0.941365082
3438,0.309016915
3439,0.049210333
3440,0.684269664
3441,0.133492813
3442,0.599536627
3443,0.529041557
3444,0.173721264
3445,0.617497413
3446,0.653949036
3447,0.581557522
3448,0.348154822
3449,0.073919972
3450,0.300154004
3451,0.646335832
3452,0.757251817
3453,0.901143604
3454,0.29094405
3455,0.432443612
3456,0.857434998
3457,0.232700099
3458,0.284143236
3459,0.311741958
3460,0.236757342
3461,0.100017241
3462,0.802045307
3463,0.71960797
3464,0.348169781
3465,0.112771578
3466,0.642439028
3467,0.758133386
3468,0.734730225
3469,0.87854853
3470,0.020691153
3471,0.974748327
3472,0.880243788
3473,0.176892133
3474,0.215677739
3475,0.497518104
3476,0.689077282
3477,0.850004508
3478,0.303286688
3479,0.870313183
3480,0.222939823
3481,0.423904789
3482,0.236453823
3483,0.384548242
3484,0.155100051
3485,0.971356451
3486,0.721586607
3487,0.976805215
3488,0.241266623
3489,0.747431672
3490,0.018778478
3491,0.025938508
3492,0.971315236
3493,0.870400911
3494,0.76272736
3495,0.50748254
3496,0.80090504
3497,0.168449978
3498,0.153430815
3499,0.569750986
3500,0.946806804
3501,0.454722758
3502,0.627564215
3503,0.563111681
3504,0.062503663
3505,0.643406721
3506,0.793855503
3507,0.349169372
3508,0.287473481
3509,0.95181799
3510,0.506638978
3511,0.145637244
3512,0.800714889
3513,0.935852422
3514,0.809358864
3515,0.469649229
3516,0.90274416
3517,0.156711295
3518,0.196119351
3519,0.214626795
3520,0.190459953
3521,0.66446031
3522,0.702821194
3523,0.584099875
3524,0.214775134
3525,0.036009596
3526,0.468978047
3527,0.109182917
3528,0.7019331
3529,0.555681037
3530,0.620721964
3531,0.667446319
3532,0.659503932
3533,0.381433693
3534,0.770783613
3535,0.682890328
3536,0.459833869
3537,0.161513667
3538,0.728846944
3539,0.675352778
3540,0.539255637
3541,0.037220819
3542,0.07939278
3543,0.264068864
3544,0.539071595
3545,0.782357101
3546,0.503551225
3547,0.725496199
3548,0.057054654
3549,0.300380043
3550,0.110701234
3551,0.643160479
3552,0.504852428
3553,0.552103178
3554,0.660181041
3555,0.319922
3556,0.305913463
3557,0.098579128
3558,0.184522093
3559,0.142029055
3560,0.017003908
3561,0.106578843
3562,0.450035311
3563,0.249109106
3564,0.476856607
3565,0.360853762
3566,0.354021714
3567,0.359410701
3568,0.008162843
3569,0.427723555
3570,0.161038861
3571,0.49538063
3572,0.908548848
3573,0.23341988
3574,0.671835474
3575,0.429926982
3576,0.130880849
3577,0.533014205
3578,0.876277701
3579,0.316214
3580,0.137760265
3581,0.163441838
3582,0.654428758
3583,0.239075826
3584,0.515187105
3585,0.763431592
3586,0.109729897
3587,0.011575388
3588,0.05436945
3589,0.057697481
3590,0.828707456
3591,0.50727183
3592,0.555537514
3593,0.524345993
3594,0.199595807
3595,0.449910919
3596,0.090258406
3597,0.786528426
3598,0.27704688
3599,0.956601005
3600,0.315307441
3601,0.763805793
3602,0.026186577
3603,0.314496014
3604,0.507466153
3605,0.55934698
3606,0.329799257
3607,0.347430573
3608,0.48417121
3609,0.473353053
3610,0.760892344
3611,0.663896531
3612,0.725862262
3613,0.212610562
3614,0.162428414
3615,0.397454156
3616,0.808683453
3617,0.586781551
3618,0.293844017
3619,0.621530543
3620,0.107323056
3621,0.558425738
3622,0.301838308
3623,0.010525413
3624,0.84864186
3625,0.236595516
3626,0.07959757
3627,0.270590104
3628,0.020442978
3629,0.317315899
3630,0.579632403
3631,0.530697498
3632,0.19152333
3633,0.860837621
3634,0.55635881
3635,0.576745752
3636,0.632862377
3637,0.556632886
3638,0.238577388
3639,0.886912793
3640,0.537463155
3641,0.006411784
3642,0.722645637
3643,0.823906109
3644,0.571554371
3645,0.123650297
3646,0.55582885
3647,0.237247198
3648,0.6750442
3649,0.153433435
3650,0.368542791
3651,0.416025586
3652,0.112212106
3653,0.331046781
3654,0.235558588
3655,0.399916857
3656,0.079678283
3657,0.934701841
3658,0.973793732
3659,0.525611056
3660,0.666200264
3661,0.579140095
3662,0.905107904
3663,0.314564329
3664,0.017128658
3665,0.604950503
3666,0.419843675
3667,0.075119281
3668,0.784420442
3669,0.902715862
3670,0.242139437
3671,0.576527797
3672,0.071717527
3673,0.415778145
3674,0.415426485
3675,0.690436225
3676,0.785441247
3677,0.750410124
3678,0.330079959
3679,0.722758987
3680,0.236779749
3681,0.259569817
3682,0.293623497
3683,0.023142221
3684,0.13408531
3685,0.045817982
3686,0.000483877
3687,0.535333915
3688,0.647689653
3689,0.047218017
3690,0.092764351
3691,0.97518319
3692,0.389405645
3693,0.892342841
3694,0.174742349
3695,0.428836754
3696,0.488664446
3697,0.301798367
3698,0.101972416
3699,0.616902209
3700,0.025621492
3701,0.417599552
3702,0.988025779
3703,0.669844032
3704,0.022311259
3705,0.924544019
3706,0.214904033
3707,0.208655823
3708,0.408861018
3709,0.009790301
3710,0.938929889
3711,0.812565381
3712,0.193955209
3713,0.374412004
3714,0.764904692
3715,0.971107463
3716,0.870406423
3717,0.086707132
3718,0.266739153
3719,0.153485226
3720,0.996050001
3721,0.370002898
3722,0.235826921
3723,0.091991391
3724,0.200756588
3725,0.338698299
3726,0.579590496
3727,0.752705799
3728,0.421860311
3729,0.836819777
3730,0.824205551
3731,0.592181359
3732,0.159921444
3733,0.780511327
3734,0.409951044
3735,0.267340867
3736,0.463598307
3737,0.018915204
3738,0.784561147
3739,0.779996076
3740,0.680378931
3741,0.276519524
3742,0.389997983
3743,0.335538089
3744,0.42997903
3745,0.929345367
3746,0.185042701
3747,0.592246578
3748,0.854201169
3749,0.272681
3750,0.548001443
3751,0.245211213
3752,0.521180863
3753,0.115852432
3754,0.985753499
3755,0.91562508
3756,0.023982435
3757,0.979568726
3758,0.742744809
3759,0.652460967
3760,0.876205332
3761,0.128514251
3762,0.331472864
3763,0.172190438
3764,0.366419967
3765,0.859628222
3766,0.654727481
3767,0.825418429
3768,0.889657358
3769,0.397012408
3770,0.351834554
3771,0.962224195
3772,0.524402828
3773,0.04300382
3774,0.090764502
3775,0.004673188
3776,0.730827544
3777,0.577671798
3778,0.997283623
3779,0.862807224
3780,0.922515954
3781,0.857818363
3782,0.595359915
3783,0.086098211
3784,0.856621414
3785,0.306580885
3786,0.186220598
3787,0.971519673
3788,0.669892236
3789,0.309248062
3790,0.511922362
3791,0.073635287
3792,0.656711337
3793,0.505349263
3794,0.937675673
3795,0.082502002
3796,0.302905543
3797,0.394315647
3798,0.466325762
3799,0.337236236
3800,0.175502281
3801,0.858651675
3802,0.115738845
3803,0.680420913
3804,0.596051151
3805,0.14034342
3806,0.451481969
3807,0.528669819
3808,0.124596852
3809,0.659430707
3810,0.64697121
3811,0.529777125
3812,0.301181336
3813,0.690433119
3814,0.467020055
3815,0.58396189
3816,0.520313454
3817,0.666840153
3818,0.524225571
3819,0.191064628
3820,0.420428941
3821,0.716918515
3822,0.313333565
3823,0.718119947
3824,0.66074317
3825,0.278074814
3826,0.900505321
3827,0.181383119
3828,0.575084738
3829,0.614225743
3830,0.355246889
3831,0.53851697
3832,0.65337714
3833,0.760054608
3834,0.325341469
3835,0.491420333
3836,0.877736611
3837,0.607401699
3838,0.055672108
3839,0.727738089
3840,0.974821828
3841,0.172543307
3842,0.839258193
3843,0.502929285
3844,0.262671969
3845,0.377592103
3846,0.810650521
3847,0.004471532
3848,0.270080775
3849,0.772306315
3850,0.99526186
3851,0.372651588
3852,0.330413967
3853,0.474096622
3854,0.62515718
3855,0.653288763
3856,0.662574319
3857,0.166006679
3858,0.666728635
3859,0.879834265
3860,0.03865925
3861,0.067348838
3862,0.447813845
3863,0.740087094
3864,0.134127477
3865,0.278253216
3866,0.685464577
3867,0.802114922
3868,0.474576899
3869,0.355033947
3870,0.999563585
3871,0.184400935
3872,0.384313255
3873,0.753854613
3874,0.728952075
3875,0.655754525
3876,0.924104489
3877,0.923212204
3878,0.214252658
3879,0.56645821
3880,0.8089458
3881,0.208770367
3882,0.672847826
3883,0.272554883
3884,0.876376597
3885,0.184922211
3886,0.29815334
3887,0.83381696
3888,0.747063299
3889,0.66974756
3890,0.911692264
3891,0.116121881
3892,0.125687577
3893,0.219464264
3894,0.865467292
3895,0.068723186
3896,0.060652582
3897,0.762804593
3898,0.831052305
3899,0.733478591
3900,0.261553749
3901,0.1046407
3902,0.08221538
3903,0.153195014
3904,0.921176648
3905,0.874042061
3906,0.305482178
3907,0.323417879
3908,0.837131841
3909,0.089969123
3910,0.219148965
3911,0.053619674
3912,0.165897946
3913,0.799274149
3914,0.046221592
3915,0.28163494
3916,0.535494781
3917,0.188589221
3918,0.525234054
3919,0.991050581
3920,0.069433108
3921,0.641134024
3922,0.712825501
3923,0.569889709
3924,0.202351336
3925,0.645071857
3926,0.589664643
3927,0.520413391
3928,0.308439184
3929,0.486699924
3930,0.423565452
3931,0.081632192
3932,0.374593133
3933,0.119332771
3934,0.35656825
3935,0.514455386
3936,0.547324516
3937,0.237113357
3938,0.736604881
3939,0.676526019
3940,0.119171444
3941,0.500054324
3942,0.335269767
3943,0.318228694
3944,0.800394446
3945,0.459133901
3946,0.91136297
3947,0.500401458
3948,0.821332973
3949,0.209538714
3950,0.054572559
3951,0.310554043
3952,0.389731634
3953,0.925334537
3954,0.651864091
3955,0.814195134
3956,0.779637542
3957,0.497311218
3958,0.844029161
3959,0.751693325
3960,0.675827995
3961,0.008102079
3962,0.623105685
3963,0.614312071
3964,0.219990062
3965,0.317568087
3966,0.166976161
3967,0.937778502
3968,0.17044735
3969,0.40719418
3970,0.672325498
3971,0.630277332
3972,0.360051769
3973,0.4530651
3974,0.8165691
3975,0.420654166
3976,0.478001922
3977,0.582478628
3978,0.313808694
3979,0.476335773
3980,0.357748318
3981,0.100734777
3982,0.24179102
3983,0.205467352
3984,0.923844993
3985,0.099073849
3986,0.361121721
3987,0.809250371
3988,0.882457988
3989,0.661966231
3990,0.076701724
3991,0.026930059
3992,0.317907956
3993,0.954140166
3994,0.927572988
3995,0.920982212
3996,0.65138957
3997,0.756810392
3998,0.241200012
3999,0.694813251
4000,0.714009737
4001,0.189944074
4002,0.997603927
4003,0.332025375
4004,0.423008771
4005,0.612223261
4006,0.597459574
4007,0.951018537
4008,0.382700589
4009,0.722747787
4010,0.753453045
4011,0.739478737
4012,0.706752381
4013,0.562956328
4014,0.416608117
4015,0.23208296
4016,0.256611647
4017,0.615810185
4018,0.954240456
4019,0.216538503
4020,0.171722791
4021,0.711181543
4022,0.089854284
4023,0.539991682
4024,0.320447167
4025,0.885469709
4026,0.096383337
4027,0.184566546
4028,0.553820956
4029,0.245172627
4030,0.224458468
4031,0.428112502
4032,0.84758096
4033,0.918700828
4034,0.344106941
4035,0.287001716
4036,0.517300574
4037,0.257362574
4038,0.921437901
4039,0.661026623
4040,0.858318633
4041,0.283276293
4042,0.492291394
4043,0.476215109
4044,0.707254837
4045,0.273402107
4046,0.263407224
4047,0.554731897
4048,0.53597578
4049,0.141070997
4050,0.117415724
4051,0.534399824
4052,0.011409824
4053,0.338055761
4054,0.284042515
4055,0.39687249
4056,0.656359712
4057,0.250999212
4058,0.385204143
4059,0.253155548
4060,0.16566498
4061,0.87455512
4062,0.944147775
4063,0.110385562
4064,0.123540968
4065,0.804866681
4066,0.02500116
4067,0.656648332
4068,0.596386429
4069,0.286937631
4070,0.058946323
4071,0.359904431
4072,0.530194688
4073,0.524599499
4074,0.213887835
4075,0.0142438
4076,0.395925493
4077,0.879002367
4078,0.037237181
4079,0.013014914
4080,0.276832246
4081,0.433315567
4082,0.176793332
4083,0.626572002
4084,0.280064427
4085,0.373904507
4086,0.013210462
4087,0.649475123
4088,0.859774245
4089,0.616575722
4090,0.254949957
4091,0.276329962
4092,0.362096901
4093,0.81957938
4094,0.547141079
4095,0.935315087
4096,0.085043202
4097,0.602616744
4098,0.247118754
4099,0.786675812
4100,0.095310712
4101,0.00765787
4102,0.355402582
4103,0.462303265
4104,0.577013962
4105,0.962308705
4106,0.188235003
4107,0.958751534
4108,0.281627626
4109,0.410449728
4110,0.843677226
4111,0.612124979
4112,0.683930835
4113,0.028339543
4114,0.353773654
4115,0.40821507
4116,0.633780184
4117,0.757545808
4118,0.894873697
4119,0.430093171
4120,0.327225563
4121,0.277943552
4122,0.013562245
4123,0.233926166
4124,0.419582728
4125,0.185446468
4126,0.890283206
4127,0.224290758
4128,0.686789859
4129,0.153596595
4130,0.903890809
4131,0.658655349
4132,0.008288374
4133,0.197262818
4134,0.532070852
4135,0.452513505
4136,0.025091214
4137,0.328168341
4138,0.875274887
4139,0.867577022
4140,0.901350001
4141,0.648928401
4142,0.601059971
4143,0.492360268
4144,0.0406582
4145,0.309725435
4146,0.701524099
4147,0.381149827
4148,0.896938547
4149,0.38419464
4150,0.710323419
4151,0.56209736
4152,0.522205493
4153,0.358380834
4154,0.824384386
4155,0.250123452
4156,0.303099344
4157,0.79057956
4158,0.984150601
4159,0.732661475
4160,0.947527526
4161,0.973717185
4162,0.923687618
4163,0.281000743
4164,0.91578023
4165,0.78115243
4166,0.33999169
4167,0.812015901
4168,0.489576229
4169,0.085806011
4170,0.6880599
4171,0.568953095
4172,0.848456116
4173,0.521084877
4174,0.899871168
4175,0.764003183
4176,0.744390009
4177,0.506583232
4178,0.951014512
4179,0.607640094
4180,0.933247676
4181,0.311438194
4182,0.004748604
4183,0.402647682
4184,0.431004456
4185,0.953773846
4186,0.110117001
4187,0.717554531
4188,0.766353187
4189,0.108455272
4190,0.966385886
4191,0.305232376
4192,0.841806383
4193,0.637498404
4194,0.466809707
4195,0.926233513
4196,0.537580757
4197,0.686856788
4198,0.795264818
4199,0.669602998
4200,0.741550792
4201,0.650237259
4202,0.310552051
4203,0.816758696
4204,0.293088268
4205,0.204813198
4206,0.366126825
4207,0.460425299
4208,0.642989414
4209,0.744391144
4210,0.111769197
4211,0.050989707
4212,0.899990403
4213,0.327815491
4214,0.405879583
4215,0.883679957
4216,0.815375037
4217,0.699480978
4218,0.800977286
4219,0.236546114
4220,0.255312472
4221,0.977245538
4222,0.343388705
4223,0.280742214
4224,0.295306927
4225,0.735605959
4226,0.300208111
4227,0.347274376
4228,0.582790679
4229,0.049534962
4230,0.116890414
4231,0.790351915
4232,0.707135117
4233,0.304015601
4234,0.705082122
4235,0.273659811
4236,0.454296837
4237,0.899400635
4238,0.845010446
4239,0.001635563
4240,0.180118524
4241,0.899531618
4242,0.39424588
4243,0.060402815
4244,0.902316835
4245,0.282545099
4246,0.251960486
4247,0.918138194
4248,0.035258276
4249,0.652781505
4250,0.388003551
4251,0.933339303
4252,0.940351707
4253,0.918928323
4254,0.685473834
4255,0.29149727
4256,0.849587644
4257,0.671440098
4258,0.390992741
4259,0.900561001
4260,0.256156491
4261,0.284544846
4262,0.34636909
4263,0.414850404
4264,0.548731286
4265,0.531171687
4266,0.136747507
4267,0.268509008
4268,0.0794632
4269,0.522343973
4270,0.8481921
4271,0.384507044
4272,0.172271358
4273,0.674257989
4274,0.966579975
4275,0.24468705
4276,0.753343382
4277,0.934476202
4278,0.091148764
4279,0.055904288
4280,0.526802025
4281,0.009779167
4282,0.760716586
4283,0.485486653
4284,0.160465018
4285,0.460476994
4286,0.860607525
4287,0.042545719
4288,0.408683765
4289,0.294086548
4290,0.338067096
4291,0.726695158
4292,0.325909938
4293,0.451837099
4294,0.693298887
4295,0.980980453
4296,0.730524592
4297,0.888142624
4298,0.380174116
4299,0.875973021
4300,0.102890449
4301,0.873251478
4302,0.587852038
4303,0.323609534
4304,0.500328594
4305,0.824520264
4306,0.558361041
4307,0.904320528
4308,0.287582401
4309,0.56456315
4310,0.320283151
4311,0.284637
4312,0.431534971
4313,0.205514439
4314,0.603043766
4315,0.177122451
4316,0.814924886
4317,0.646851957
4318,0.940088743
4319,0.581405506
4320,0.414496042
4321,0.705066672
4322,0.405141316
4323,0.393345807
4324,0.749294258
4325,0.598675888
4326,0.862383572
4327,0.76257005
4328,0.958516188
4329,0.591143188
4330,0.312485455
4331,0.346078723
4332,0.396787617
4333,0.237688122
4334,0.619482013
4335,0.771512605
4336,0.254195314
4337,0.114692781
4338,0.823210792
4339,0.922895916
4340,0.459211816
4341,0.451093036
4342,0.76657613
4343,0.584960987
4344,0.571215183
4345,0.035191948
4346,0.740861306
4347,0.853850193
4348,0.567899129
4349,0.486917376
4350,0.544744215
4351,0.995843891
4352,0.869471107
4353,0.997959005
4354,0.354658797
4355,0.170973792
4356,0.630208664
4357,0.811145133
4358,0.65674501
4359,0.721477284
4360,0.596012877
4361,0.57148303
4362,0.186659846
4363,0.577383665
4364,0.299734839
4365,0.829966306
4366,0.123033165
4367,0.788697477
4368,0.461056356
4369,0.42643834
4370,0.274108186
4371,0.32772727
4372,0.045744238
4373,0.175949304
4374,0.643993893
4375,0.079295279
4376,0.425366601
4377,0.826308897
4378,0.57477512
4379,0.678284427
4380,0.676157418
4381,0.274902802
4382,0.212013702
4383,0.535070207
4384,0.095810355
4385,0.919980067
4386,0.172744265
4387,0.318321329
4388,0.757597895
4389,0.214652174
4390,0.074929418
4391,0.714032561
4392,0.025055548
4393,0.875792299
4394,0.384512409
4395,0.45622923
4396,0.895374243
4397,0.779088201
4398,0.197761842
4399,0.928485864
4400,0.379388612
4401,0.933622804
4402,0.702759954
4403,0.413489654
4404,0.864121083
4405,0.562904737
4406,0.134745202
4407,0.433282392
4408,0.328844881
4409,0.289930411
4410,0.698090634
4411,0.678608655
4412,0.786168587
4413,0.028103581
4414,0.265968799
4415,0.962263379
4416,0.877550471
4417,0.441466506
4418,0.557779439
4419,0.73861002
4420,0.105496907
4421,0.696378085
4422,0.451119808
4423,0.508972689
4424,0.362261451
4425,0.434943011
4426,0.081931393
4427,0.463656297
4428,0.196992497
4429,0.188673966
4430,0.83286199
4431,0.459345823
4432,0.219705873
4433,0.460681838
4434,0.351415571
4435,0.460314757
4436,0.473453182
4437,0.177971059
4438,0.185292225
4439,0.934595782
4440,0.74131722
4441,0.753616381
4442,0.313248087
4443,0.214165022
4444,0.678694756
4445,0.73811546
4446,0.974576518
4447,0.752442847
4448,0.957340848
4449,0.735453033
4450,0.27275823
4451,0.334871515
4452,0.711362821
4453,0.313486779
4454,0.396226623
4455,0.854666417
4456,0.70567953
4457,0.320218618
4458,0.266023626
4459,0.203458266
4460,0.158771032
4461,0.907840953
4462,0.60128091
4463,0.688097026
4464,0.016118847
4465,0.408832109
4466,0.44206591
4467,0.344780606
4468,0.208607022
4469,0.628283347
4470,0.197055947
4471,0.215341863
4472,0.902638485
4473,0.792569547
4474,0.846503892
4475,0.297462844
4476,0.893858185
4477,0.697972774
4478,0.674742894
4479,0.523737947
4480,0.892265679
4481,0.01098539
4482,0.80589957
4483,0.119948625
4484,0.390130416
4485,0.427180833
4486,0.678349046
4487,0.874336648
4488,0.663921107
4489,0.222561773
4490,0.004753355
4491,0.042034356
4492,0.390623424
4493,0.985040666
4494,0.465531416
4495,0.58955953
4496,0.155122883
4497,0.064448824
4498,0.866954926
4499,0.062467517
4500,0.467627691
4501,0.609772342
4502,0.214390888
4503,0.4013202
4504,0.948634041
4505,0.889299252
4506,0.11049838
4507,0.826038391
4508,0.248792223
4509,0.193667141
4510,0.678953272
4511,0.509042842
4512,0.840247177
4513,0.663900404
4514,0.065084342
4515,0.973487163
4516,0.360146346
4517,0.468665211
4518,0.143524225
4519,0.646135306
4520,0.642378233
4521,0.178150603
4522,0.920853912
4523,0.598571717
4524,0.107913046
4525,0.326322192
4526,0.644382243
4527,0.24770943
4528,0.159640982
4529,0.066165164
4530,0.002639311
4531,0.280241858
4532,0.701321386
4533,0.814452703
4534,0.472105945
4535,0.332611154
4536,0.055572948
4537,0.553647241
4538,0.575935034
4539,0.693610254
4540,0.863487793
4541,0.566222944
4542,0.916770426
4543,0.319666827
4544,0.486850456
4545,0.403499424
4546,0.864544642
4547,0.748611924
4548,0.666275368
4549,0.899611321
4550,0.312783202
4551,0.11130088
4552,0.642091817
4553,0.805948851
4554,0.098444735
4555,0.237392227
4556,0.353263157
4557,0.670511929
4558,0.975905498
4559,0.474415175
4560,0.716831297
4561,0.058780537
4562,0.886495553
4563,0.767755383
4564,0.482843171
4565,0.950612558
4566,0.769891337
4567,0.276347321
4568,0.915447588
4569,0.924431286
4570,0.225830426
4571,0.081412387
4572,0.943376586
4573,0.598792673
4574,0.293135803
4575,0.885474838
4576,0.008780743
4577,0.929390701
4578,0.49071222
4579,0.959649264
